<?xml version="1.0" encoding="UTF-8" standalone="yes"?>
<addon id="tools.dotnet-runtime"
       name=".Net Core Runtime"
       version="9.0.100"
       provider-name="Anton Voyl (awiouy)">
  <requires>
    <import addon="xbmc.python" version="2.1.0"/>

  </requires>
  <extension point="xbmc.python.script" library="default.py">
    <provides></provides>
  </extension>
  <extension point="xbmc.addon.metadata">
    <summary>.NET Core Runtime</summary>
    <description>
.NET Core Runtime (2.1.2) runs applications built with .NET Core, a cross-platform .NET implementation.
    </description>
    <disclaimer>

    </disclaimer>
    <platform>all</platform>
    <news>

    </news>
    <assets>
      <icon>resources/icon.png</icon>
      <fanart>resources/fanart.png</fanart>

    </assets>
  </extension>
</addon>
