{
	"type":"object",
	"script" : "running_dots.py",
	"title":"edt_eff_runningdots_header",
	"required":true,
	"properties":{
		"speed": {
			"type": "number",
			"title":"edt_eff_speed",
			"default": 1.5,
			"minimum" : 0.1,
			"propertyOrder" : 1
		},
		"colorLevel": {
			"type": "integer",
			"title":"edt_eff_colorevel",
			"default": 220,
			"minimium" : 0,
			"maximum" : 255,
			"propertyOrder" : 2
		},
		"whiteLevel": {
			"type": "integer",
			"title":"edt_eff_whitelevel",
			"default": 0,
			"minimium" : 0,
			"maximum" : 254,
			"propertyOrder" : 3
		}
	},
	"additionalProperties": false
}
