<?xml version="1.0" encoding="UTF-8"?>
<addon id="game.libretro.uae" name="Commodore - Amiga (P-UAE)" version="2.6.1.100" provider-name="Libretro">
  <requires>
    <import addon="game.libretro" version="1.0.0"/>
    <import addon="game.controller.default" version="1.0.0"/>
    <import addon="game.controller.keyboard" version="1.0.0"/>
    <import addon="game.controller.mouse" version="1.0.0"/>
  </requires>
  <extension point="kodi.gameclient" library_linux="game.libretro.uae.so">
    <platforms/>
    <extensions>adf|dms|fdi|ipf|zip|uae</extensions>
    <supports_vfs>false</supports_vfs>
    <supports_standalone>false</supports_standalone>
  </extension>
  <extension point="xbmc.addon.metadata">
    <summary lang="en_GB">Commodore - Amiga (P-UAE) v2.6.1</summary>
    <description lang="en_GB">UAE stands for the Ubiquitous Amiga Emulator.

Most games require a version of the Amiga Kickstart ROM. However, some old games will work with the built-in ROM emulation.

Supported files: .adf, .dms, .fdi, .ipf, .zip, .uae</description>
    <license>GPLv2</license>
    <platform>linux</platform>
  </extension>
</addon>
