<?xml version="1.0" encoding="UTF-8"?>
<addon id="pvr.hdhomerun" version="3.4.2.2" name="PVR HDHomeRun Client" provider-name="Zoltan Csizmadia (zcsizmadia@gmail.com)">
  <requires>
    <import addon="kodi.binary.global.main" version="1.0.13"/>
    <import addon="kodi.binary.instance.pvr" version="5.10.1"/>
  </requires>
  <extension point="xbmc.pvrclient" needs_configuration="false" library_linux="pvr.hdhomerun.so.3.4.2"/>
  <extension point="xbmc.addon.metadata">
    <summary lang="af_ZA">HDHomeRun PVR Kliënt</summary>
    <summary lang="be_BY">HDHomeRun PVR кліент </summary>
    <summary lang="bg_BG">Клиент за ПВР „HDHomeRun“</summary>
    <summary lang="ca_ES">Client PVR de HDHomeRun</summary>
    <summary lang="cs_CZ">Klient HDHomeRun PVR</summary>
    <summary lang="cy_GB">Cleiant PVR HDHomeRun</summary>
    <summary lang="de_DE">HDHomeRun PVR Client</summary>
    <summary lang="en_AU">HDHomeRun PVR Client</summary>
    <summary lang="en_GB">HDHomeRun PVR Client</summary>
    <summary lang="en_NZ">HDHomeRun PVR Client</summary>
    <summary lang="en_US">HDHomeRun PVR Client</summary>
    <summary lang="es_ES">Cliente PVR HDHomeRun</summary>
    <summary lang="es_MX">Cliente PVR HDHomeRun</summary>
    <summary lang="et_EE">HDHomeRun PVR'i klient</summary>
    <summary lang="eu_ES">HDHomeRun PVR Bezeroa</summary>
    <summary lang="fi_FI">Kodin HDHomeRun-asiakasohjelma</summary>
    <summary lang="fr_CA">Client de numériscope HDHomeRun</summary>
    <summary lang="fr_FR">Client enregistreur vidéo (PVR) HDHomeRun</summary>
    <summary lang="gl_ES">Cliente PVR HDHomeRun</summary>
    <summary lang="he_IL">לקוח טלוויזיה חיה עבור HDHomeRun</summary>
    <summary lang="hr_HR">HDHomeRun PVR klijent</summary>
    <summary lang="hu_HU">HDHomeRun PVR ügyfél</summary>
    <summary lang="is_IS">HDHomeRun PVR-upptökuforrit</summary>
    <summary lang="it_IT">Client PVR HDHomeRun</summary>
    <summary lang="ja_JP">HDHomeRun用 PVR クライアント</summary>
    <summary lang="ko_KR">HDHomeRun PVR 클라이언트</summary>
    <summary lang="lt_LT">HDHomeRun PVR klientas</summary>
    <summary lang="lv_LV">HDHomeRun PVR klients</summary>
    <summary lang="ms_MY">Klien PVR HDHomeRun</summary>
    <summary lang="nb_NO">HDHomeRun PVR-klient</summary>
    <summary lang="nl_NL">HDHomeRun PVR-Cliënt</summary>
    <summary lang="pl_PL">Klient telewizji dla HDHomeRun</summary>
    <summary lang="pt_BR">HDHomeRun PVR Cliente</summary>
    <summary lang="pt_PT">Cliente PVR HDHomeRun</summary>
    <summary lang="ro_RO">Client PVR HDHomeRun</summary>
    <summary lang="ru_RU">PVR Клиент HDHomeRun</summary>
    <summary lang="sk_SK">HDHomeRun PVR klient</summary>
    <summary lang="sr_RS">HDHomeRun PVR Клијент</summary>
    <summary lang="sr_RS@latin">HDHomeRun PVR Klijent</summary>
    <summary lang="sv_SE">HDHomeRun PVR Client</summary>
    <summary lang="szl">Klijynt HDHomeRun PVR</summary>
    <summary lang="tr_TR">HDHomeRun PVR İstemcisi</summary>
    <summary lang="zh_CN">HDHomeRun PVR 客户端</summary>
    <summary lang="zh_TW">HDHomeRun PVR 用戶端</summary>
    <description lang="af_ZA">HDHomeRun PVR Kliënt</description>
    <description lang="be_BY">HDHomeRun PVR кліент</description>
    <description lang="bg_BG">Клиент за ПВР „HDHomeRun“</description>
    <description lang="ca_ES">Client PVR de HDHomeRun</description>
    <description lang="cs_CZ">Klient HDHomeRun PVR</description>
    <description lang="cy_GB">Cleiant PVR HDHomeRun</description>
    <description lang="de_DE">HDHomeRun PVR Client</description>
    <description lang="en_AU">HDHomeRun PVR Client</description>
    <description lang="en_GB">HDHomeRun PVR Client</description>
    <description lang="en_NZ">HDHomeRun PVR Client</description>
    <description lang="en_US">HDHomeRun PVR Client</description>
    <description lang="es_ES">Cliente PVR HDHomeRun</description>
    <description lang="es_MX">Cliente PVR HDHomeRun</description>
    <description lang="et_EE">HDHomeRun PVR'i klient</description>
    <description lang="eu_ES">HDHomeRun PVR Bezeroa</description>
    <description lang="fi_FI">HDHomeRun-asiakasohjelma</description>
    <description lang="fr_CA">Client de numériscope HDHomeRun</description>
    <description lang="fr_FR">Client enregistreur vidéo (PVR) HDHomeRun</description>
    <description lang="gl_ES">Cliente PVR HDHomeRun</description>
    <description lang="he_IL">לקוח טלוויזיה חיה עבור HDHomeRun</description>
    <description lang="hr_HR">HDHomeRun PVR klijent</description>
    <description lang="hu_HU">HDHomeRun PVR ügyfél</description>
    <description lang="is_IS">HDHomeRun PVR-upptökuforrit</description>
    <description lang="it_IT">Client PVR HDHomeRun</description>
    <description lang="ja_JP">HDHomeRun用 PVR クライアント</description>
    <description lang="ko_KR">HDHomeRun PVR 클라이언트</description>
    <description lang="lt_LT">HDHomeRun PVR klientas</description>
    <description lang="lv_LV">HDHomeRun PVR klients</description>
    <description lang="ms_MY">Klien PVR HDHomeRun</description>
    <description lang="nb_NO">HDHomeRun PVR-klient</description>
    <description lang="nl_NL">HDHomeRun PVR-Cliënt</description>
    <description lang="pl_PL">Klient telewizji dla HDHomeRun</description>
    <description lang="pt_BR">HDHomeRun PVR Cliente</description>
    <description lang="pt_PT">Cliente PVR HDHomeRun</description>
    <description lang="ro_RO">Client PVR HDHomeRun</description>
    <description lang="ru_RU">PVR Клиент HDHomeRun</description>
    <description lang="sk_SK">HDHomeRun PVR klient</description>
    <description lang="sr_RS">HDHomeRun PVR Клијент</description>
    <description lang="sr_RS@latin">HDHomeRun PVR Klijent</description>
    <description lang="sv_SE">HDHomeRun PVR Client</description>
    <description lang="szl">Klijynt HDHomeRun PVR</description>
    <description lang="tr_TR">HDHomeRun PVR İstemcisi</description>
    <description lang="zh_CN">HDHomeRun PVR 客户端</description>
    <description lang="zh_TW">HDHomeRun PVR 用戶端</description>
    <platform>linux</platform>
  </extension>
</addon>
