<?xml version="1.0" encoding="UTF-8" standalone="yes"?>
<addon id="service.hyperion.ng"
       name="Hyperion.NG"
       version="9.0.100"
       provider-name="Team CoreELEC">
  <requires>
    <import addon="xbmc.python" version="2.1.0"/>

  </requires>
  <extension point="xbmc.service" library="default.py">
    <provides></provides>
  </extension>
  <extension point="xbmc.addon.metadata">
    <summary>Hyperion.NG: an AmbiLight controller</summary>
    <description>
Hyperion.NG(e438bc6) is an modern opensource AmbiLight implementation.
    </description>
    <disclaimer>

    </disclaimer>
    <platform>all</platform>
    <news>
100
- Initial Release @e438bc6
    </news>
    <assets>
      <icon>resources/icon.png</icon>
      <fanart>resources/fanart.png</fanart>
<screenshot>resources/screenshot-01.jpg</screenshot>
<screenshot>resources/screenshot-02.jpg</screenshot>

    </assets>
  </extension>
</addon>
